",,,""1988-1992"",,,,""1993-1997"",,,,""1998-2002"",,,,""2003-2007"",,,,""2008-2012"",,,,""2013-2017"",,"
"Afghanistan,""Population density (inhab/km2)"",1992,21.06,""E"",,1997,27.62,""E"",,2002,32.91,""E"",,2007,39.64,""E"",,2012,45.53,""E"",,2015,49.82,""E"","

",,,""1988-1992"",,,,""1993-1997"",,,,""1998-2002"",,,,""2003-2007"",,,,""2008-2012"",,,,""2013-2017"",,"
"Albania,""Population density (inhab/km2)"",1992,112.7,""E"",,1997,107.5,""E"",,2002,108.6,""E"",,2007,104.7,""E"",,2012,100.2,""E"",,2015,100.8,""E"","

",,,""1988-1992"",,,,""1993-1997"",,,,""1998-2002"",,,,""2003-2007"",,,,""2008-2012"",,,,""2013-2017"",,"
"Algeria,""Population density (inhab/km2)"",1992,11.41,""E"",,1997,12.55,""E"",,2002,13.43,""E"",,2007,14.39,""E"",,2012,15.72,""E"",,2015,16.65,""E"","

",,,""1988-1992"",,,,""1993-1997"",,,,""1998-2002"",,,,""2003-2007"",,,,""2008-2012"",,,,""2013-2017"",,"
"Andorra,""Population density (inhab/km2)"",1992,125.3,""E"",,1997,136.5,""E"",,2002,151.2,""E"",,2007,180.6,""E"",,2012,168.8,""E"",,2015,149.9,""E"","

",,,""1988-1992"",,,,""1993-1997"",,,,""1998-2002"",,,,""2003-2007"",,,,""2008-2012"",,,,""2013-2017"",,"
"Angola,""Population density (inhab/km2)"",1992,9.504,""E"",,1997,11.07,""E"",,2002,12.92,""E"",,2007,15.39,""E"",,2012,18.2,""E"",,2015,20.07,""E"","

",,,""1988-1992"",,,,""1993-1997"",,,,""1998-2002"",,,,""2003-2007"",,,,""2008-2012"",,,,""2013-2017"",,"
"Antigua and Barbuda,""Population density (inhab/km2)"",1992,144.2,""E"",,1997,164.2,""E"",,2002,181.9,""E"",,2007,191.8,""E"",,2012,202.4,""E"",,2015,208.7,""E"","

",,,""1988-1992"",,,,""1993-1997"",,,,""1998-2002"",,,,""2003-2007"",,,,""2008-2012"",,,,""2013-2017"",,"
"Argentina,""Population density (inhab/km2)"",1992,12.1,""E"",,1997,12.89,""E"",,2002,13.63,""E"",,2007,14.38,""E"",,2012,15.14,""E"",,2015,15.62,""E"","

",,,""1988-1992"",,,,""1993-1997"",,,,""1998-2002"",,,,""2003-2007"",,,,""2008-2012"",,,,""2013-2017"",,"
"Armenia,""Population density (inhab/km2)"",1992,116.0,""E"",,1997,105.5,""E"",,2002,102.5,""E"",,2007,100.5,""E"",,2012,100.1,""E"",,2015,101.5,""E"","

",,,""1988-1992"",,,,""1993-1997"",,,,""1998-2002"",,,,""2003-2007"",,,,""2008-2012"",,,,""2013-2017"",,"
"Australia,""Population density (inhab/km2)"",1992,2.266,""E"",,1997,2.391,""E"",,2002,2.521,""E"",,2007,2.71,""E"",,2012,2.96,""E"",,2015,3.096,""E"","

",,,""1988-1992"",,,,""1993-1997"",,,,""1998-2002"",,,,""2003-2007"",,,,""2008-2012"",,,,""2013-2017"",,"
"Austria,""Population density (inhab/km2)"",1992,93.16,""E"",,1997,95.56,""E"",,2002,96.76,""E"",,2007,98.96,""E"",,2012,100.8,""E"",,2015,101.9,""E"","

",,,""1988-1992"",,,,""1993-1997"",,,,""1998-2002"",,,,""2003-2007"",,,,""2008-2012"",,,,""2013-2017"",,"
"Azerbaijan,""Population density (inhab/km2)"",1992,86.04,""E"",,1997,91.48,""E"",,2002,95.62,""E"",,2007,101.2,""E"",,2012,108.1,""E"",,2015,112.6,""E"","

",,,""1988-1992"",,,,""1993-1997"",,,,""1998-2002"",,,,""2003-2007"",,,,""2008-2012"",,,,""2013-2017"",,"
"Bahamas,""Population density (inhab/km2)"",1992,19.17,""E"",,1997,20.68,""E"",,2002,22.28,""E"",,2007,24.66,""E"",,2012,26.83,""E"",,2015,27.95,""E"","

",,,""1988-1992"",,,,""1993-1997"",,,,""1998-2002"",,,,""2003-2007"",,,,""2008-2012"",,,,""2013-2017"",,"
"Bahrain,""Population density (inhab/km2)"",1992,736.3,""E"",,1997,842.0,""E"",,2002,1022.0,""E"",,2007,1369.0,""E"",,2012,1732.0,""E"",,2015,1788.0,""E"","

",,,""1988-1992"",,,,""1993-1997"",,,,""1998-2002"",,,,""2003-2007"",,,,""2008-2012"",,,,""2013-2017"",,"
"Bangladesh,""Population density (inhab/km2)"",1992,747.6,""E"",,1997,832.4,""E"",,2002,917.6,""E"",,2007,987.4,""E"",,2012,1046.0,""E"",,2015,1084.0,""E"","

",,,""1988-1992"",,,,""1993-1997"",,,,""1998-2002"",,,,""2003-2007"",,,,""2008-2012"",,,,""2013-2017"",,"
"Barbados,""Population density (inhab/km2)"",1992,609.8,""E"",,1997,620.7,""E"",,2002,631.4,""E"",,2007,642.3,""E"",,2012,654.9,""E"",,2015,660.9,""E"","

",,,""1988-1992"",,,,""1993-1997"",,,,""1998-2002"",,,,""2003-2007"",,,,""2008-2012"",,,,""2013-2017"",,"
"Belarus,""Population density (inhab/km2)"",1992,49.3,""E"",,1997,48.61,""E"",,2002,47.33,""E"",,2007,46.03,""E"",,2012,45.72,""E"",,2015,45.74,""E"","

",,,""1988-1992"",,,,""1993-1997"",,,,""1998-2002"",,,,""2003-2007"",,,,""2008-2012"",,,,""2013-2017"",,"
"Belgium,""Population density (inhab/km2)"",,,"""",,,,"""",,2002,339.5,""E"",,2007,350.6,""E"",,2012,362.9,""E"",,2015,370.1,""E"","

",,,""1988-1992"",,,,""1993-1997"",,,,""1998-2002"",,,,""2003-2007"",,,,""2008-2012"",,,,""2013-2017"",,"
"Belize,""Population density (inhab/km2)"",1992,8.459,""E"",,1997,9.647,""E"",,2002,11.41,""E"",,2007,12.99,""E"",,2012,14.66,""E"",,2015,15.64,""E"","

",,,""1988-1992"",,,,""1993-1997"",,,,""1998-2002"",,,,""2003-2007"",,,,""2008-2012"",,,,""2013-2017"",,"
"Benin,""Population density (inhab/km2)"",1992,46.86,""E"",,1997,55.43,""E"",,2002,64.61,""E"",,2007,75.88,""E"",,2012,87.57,""E"",,2015,94.81,""E"","

",,,""1988-1992"",,,,""1993-1997"",,,,""1998-2002"",,,,""2003-2007"",,,,""2008-2012"",,,,""2013-2017"",,"
"Bhutan,""Population density (inhab/km2)"",1992,11.24,""E"",,1997,13.0,""E"",,2002,14.93,""E"",,2007,17.75,""E"",,2012,19.37,""E"",,2015,20.18,""E"","

",,,""1988-1992"",,,,""1993-1997"",,,,""1998-2002"",,,,""2003-2007"",,,,""2008-2012"",,,,""2013-2017"",,"
"Bolivia (Plurinational State of),""Population density (inhab/km2)"",1992,6.492,""E"",,1997,7.165,""E"",,2002,7.877,""E"",,2007,8.594,""E"",,2012,9.32,""E"",,2015,9.763,""E"","

",,,""1988-1992"",,,,""1993-1997"",,,,""1998-2002"",,,,""2003-2007"",,,,""2008-2012"",,,,""2013-2017"",,"
"Bosnia and Herzegovina,""Population density (inhab/km2)"",1992,83.99,""E"",,1997,73.79,""E"",,2002,74.36,""E"",,2007,74.99,""E"",,2012,74.75,""E"",,2015,74.4,""E"","

",,,""1988-1992"",,,,""1993-1997"",,,,""1998-2002"",,,,""2003-2007"",,,,""2008-2012"",,,,""2013-2017"",,"
"Botswana,""Population density (inhab/km2)"",1992,2.51,""E"",,1997,2.829,""E"",,2002,3.072,""E"",,2007,3.318,""E"",,2012,3.667,""E"",,2015,3.888,""E"","

",,,""1988-1992"",,,,""1993-1997"",,,,""1998-2002"",,,,""2003-2007"",,,,""2008-2012"",,,,""2013-2017"",,"
"Brazil,""Population density (inhab/km2)"",1992,18.25,""E"",,1997,19.72,""E"",,2002,21.26,""E"",,2007,22.64,""E"",,2012,23.77,""E"",,2015,24.41,""E"","

",,,""1988-1992"",,,,""1993-1997"",,,,""1998-2002"",,,,""2003-2007"",,,,""2008-2012"",,,,""2013-2017"",,"
"Brunei Darussalam,""Population density (inhab/km2)"",1992,47.14,""E"",,1997,53.69,""E"",,2002,59.51,""E"",,2007,64.9,""E"",,2012,70.28,""E"",,2015,73.34,""E"","

",,,""1988-1992"",,,,""1993-1997"",,,,""1998-2002"",,,,""2003-2007"",,,,""2008-2012"",,,,""2013-2017"",,"
"Bulgaria,""Population density (inhab/km2)"",1992,77.97,""E"",,1997,73.88,""E"",,2002,70.9,""E"",,2007,68.18,""E"",,2012,65.8,""E"",,2015,64.41,""E"","

",,,""1988-1992"",,,,""1993-1997"",,,,""1998-2002"",,,,""2003-2007"",,,,""2008-2012"",,,,""2013-2017"",,"
"Burkina Faso,""Population density (inhab/km2)"",1992,33.9,""E"",,1997,38.9,""E"",,2002,44.82,""E"",,2007,52.02,""E"",,2012,60.5,""E"",,2015,66.03,""E"","

",,,""1988-1992"",,,,""1993-1997"",,,,""1998-2002"",,,,""2003-2007"",,,,""2008-2012"",,,,""2013-2017"",,"
"Burundi,""Population density (inhab/km2)"",1992,211.8,""E"",,1997,230.7,""E"",,2002,257.3,""E"",,2007,306.0,""E"",,2012,363.8,""E"",,2015,401.7,""E"","

",,,""1988-1992"",,,,""1993-1997"",,,,""1998-2002"",,,,""2003-2007"",,,,""2008-2012"",,,,""2013-2017"",,"
"Cabo Verde,""Population density (inhab/km2)"",1992,88.96,""E"",,1997,101.7,""E"",,2002,113.0,""E"",,2007,119.4,""E"",,2012,124.3,""E"",,2015,129.2,""E"","

",,,""1988-1992"",,,,""1993-1997"",,,,""1998-2002"",,,,""2003-2007"",,,,""2008-2012"",,,,""2013-2017"",,"
"Cambodia,""Population density (inhab/km2)"",1992,53.35,""E"",,1997,62.63,""E"",,2002,70.05,""E"",,2007,75.83,""E"",,2012,81.93,""E"",,2015,86.05,""E"","

",,,""1988-1992"",,,,""1993-1997"",,,,""1998-2002"",,,,""2003-2007"",,,,""2008-2012"",,,,""2013-2017"",,"
"Cameroon,""Population density (inhab/km2)"",1992,26.92,""E"",,1997,30.94,""E"",,2002,35.29,""E"",,2007,40.13,""E"",,2012,45.56,""E"",,2015,49.1,""E"","

",,,""1988-1992"",,,,""1993-1997"",,,,""1998-2002"",,,,""2003-2007"",,,,""2008-2012"",,,,""2013-2017"",,"
"Canada,""Population density (inhab/km2)"",1992,2.84,""E"",,1997,2.992,""E"",,2002,3.134,""E"",,2007,3.303,""E"",,2012,3.492,""E"",,2015,3.6,""E"","

",,,""1988-1992"",,,,""1993-1997"",,,,""1998-2002"",,,,""2003-2007"",,,,""2008-2012"",,,,""2013-2017"",,"
"Central African Republic,""Population density (inhab/km2)"",1992,4.958,""E"",,1997,5.615,""E"",,2002,6.196,""E"",,2007,6.745,""E"",,2012,7.416,""E"",,2015,7.865,""E"","

",,,""1988-1992"",,,,""1993-1997"",,,,""1998-2002"",,,,""2003-2007"",,,,""2008-2012"",,,,""2013-2017"",,"
"Chad,""Population density (inhab/km2)"",1992,4.945,""E"",,1997,5.836,""E"",,2002,7.011,""E"",,2007,8.396,""E"",,2012,9.903,""E"",,2015,10.93,""E"","

",,,""1988-1992"",,,,""1993-1997"",,,,""1998-2002"",,,,""2003-2007"",,,,""2008-2012"",,,,""2013-2017"",,"
"Chile,""Population density (inhab/km2)"",1992,17.94,""E"",,1997,19.3,""E"",,2002,20.56,""E"",,2007,21.77,""E"",,2012,23.0,""E"",,2015,23.74,""E"","

",,,""1988-1992"",,,,""1993-1997"",,,,""1998-2002"",,,,""2003-2007"",,,,""2008-2012"",,,,""2013-2017"",,"
"China,""Population density (inhab/km2)"",1992,126.6,""E"",,1997,132.9,""E"",,2002,136.9,""E"",,2007,140.6,""E"",,2012,144.4,""E"",,2015,146.6,""E"","

",,,""1988-1992"",,,,""1993-1997"",,,,""1998-2002"",,,,""2003-2007"",,,,""2008-2012"",,,,""2013-2017"",,"
"Colombia,""Population density (inhab/km2)"",1992,31.14,""E"",,1997,33.85,""E"",,2002,36.41,""E"",,2007,38.87,""E"",,2012,41.06,""E"",,2015,42.24,""E"","

",,,""1988-1992"",,,,""1993-1997"",,,,""1998-2002"",,,,""2003-2007"",,,,""2008-2012"",,,,""2013-2017"",,"
"Comoros,""Population density (inhab/km2)"",1992,236.5,""E"",,1997,272.2,""E"",,2002,309.2,""E"",,2007,349.0,""E"",,2012,394.3,""E"",,2015,423.7,""E"","

",,,""1988-1992"",,,,""1993-1997"",,,,""1998-2002"",,,,""2003-2007"",,,,""2008-2012"",,,,""2013-2017"",,"
"Congo,""Population density (inhab/km2)"",1992,7.354,""E"",,1997,8.404,""E"",,2002,9.523,""E"",,2007,10.87,""E"",,2012,12.53,""E"",,2015,13.51,""E"","

",,,""1988-1992"",,,,""1993-1997"",,,,""1998-2002"",,,,""2003-2007"",,,,""2008-2012"",,,,""2013-2017"",,"
"Cook Islands,""Population density (inhab/km2)"",1992,74.62,""E"",,1997,75.38,""E"",,2002,76.29,""E"",,2007,82.75,""E"",,2012,85.5,""E"",,2015,86.79,""E"","

",,,""1988-1992"",,,,""1993-1997"",,,,""1998-2002"",,,,""2003-2007"",,,,""2008-2012"",,,,""2013-2017"",,"
"Costa Rica,""Population density (inhab/km2)"",1992,63.74,""E"",,1997,72.07,""E"",,2002,79.51,""E"",,2007,85.5,""E"",,2012,91.08,""E"",,2015,94.09,""E"","

",,,""1988-1992"",,,,""1993-1997"",,,,""1998-2002"",,,,""2003-2007"",,,,""2008-2012"",,,,""2013-2017"",,"
"C“te d'Ivoire,""Population density (inhab/km2)"",1992,40.46,""E"",,1997,47.44,""E"",,2002,53.29,""E"",,2007,58.49,""E"",,2012,65.44,""E"",,2015,70.4,""E"","

",,,""1988-1992"",,,,""1993-1997"",,,,""1998-2002"",,,,""2003-2007"",,,,""2008-2012"",,,,""2013-2017"",,"
"Croatia,""Population density (inhab/km2)"",1992,83.71,""E"",,1997,80.06,""E"",,2002,77.77,""E"",,2007,76.99,""E"",,2012,75.76,""E"",,2015,74.92,""E"","

",,,""1988-1992"",,,,""1993-1997"",,,,""1998-2002"",,,,""2003-2007"",,,,""2008-2012"",,,,""2013-2017"",,"
"Cuba,""Population density (inhab/km2)"",1992,97.7,""E"",,1997,100.1,""E"",,2002,101.8,""E"",,2007,102.7,""E"",,2012,103.2,""E"",,2015,103.7,""E"","

",,,""1988-1992"",,,,""1993-1997"",,,,""1998-2002"",,,,""2003-2007"",,,,""2008-2012"",,,,""2013-2017"",,"
"Cyprus,""Population density (inhab/km2)"",1992,86.56,""E"",,1997,96.29,""E"",,2002,105.9,""E"",,2007,114.9,""E"",,2012,122.1,""E"",,2015,125.9,""E"","

",,,""1988-1992"",,,,""1993-1997"",,,,""1998-2002"",,,,""2003-2007"",,,,""2008-2012"",,,,""2013-2017"",,"
"Czech Republic,""Population density (inhab/km2)"",,,"""",,1997,130.8,""E"",,2002,129.6,""E"",,2007,131.0,""E"",,2012,133.7,""E"",,2015,133.7,""E"","

",,,""1988-1992"",,,,""1993-1997"",,,,""1998-2002"",,,,""2003-2007"",,,,""2008-2012"",,,,""2013-2017"",,"
"Democratic People's Republic of Korea,""Population density (inhab/km2)"",1992,172.9,""E"",,1997,184.5,""E"",,2002,192.9,""E"",,2007,200.0,""E"",,2012,205.4,""E"",,2015,208.7,""E"","

",,,""1988-1992"",,,,""1993-1997"",,,,""1998-2002"",,,,""2003-2007"",,,,""2008-2012"",,,,""2013-2017"",,"
"Democratic Republic of the Congo,""Population density (inhab/km2)"",1992,16.11,""E"",,1997,19.0,""E"",,2002,21.74,""E"",,2007,25.52,""E"",,2012,29.98,""E"",,2015,32.95,""E"","

",,,""1988-1992"",,,,""1993-1997"",,,,""1998-2002"",,,,""2003-2007"",,,,""2008-2012"",,,,""2013-2017"",,"
"Denmark,""Population density (inhab/km2)"",1992,120.0,""E"",,1997,122.5,""E"",,2002,124.6,""E"",,2007,126.9,""E"",,2012,130.0,""E"",,2015,131.6,""E"","

",,,""1988-1992"",,,,""1993-1997"",,,,""1998-2002"",,,,""2003-2007"",,,,""2008-2012"",,,,""2013-2017"",,"
"Djibouti,""Population density (inhab/km2)"",1992,27.03,""E"",,1997,29.55,""E"",,2002,32.13,""E"",,2007,34.45,""E"",,2012,36.77,""E"",,2015,38.27,""E"","

",,,""1988-1992"",,,,""1993-1997"",,,,""1998-2002"",,,,""2003-2007"",,,,""2008-2012"",,,,""2013-2017"",,"
"Dominica,""Population density (inhab/km2)"",1992,94.64,""E"",,1997,94.35,""E"",,2002,93.08,""E"",,2007,94.4,""E"",,2012,95.59,""E"",,2015,96.91,""E"","

",,,""1988-1992"",,,,""1993-1997"",,,,""1998-2002"",,,,""2003-2007"",,,,""2008-2012"",,,,""2013-2017"",,"
"Dominican Republic,""Population density (inhab/km2)"",1992,153.5,""E"",,1997,167.7,""E"",,2002,181.5,""E"",,2007,195.3,""E"",,2012,208.7,""E"",,2015,216.3,""E"","

",,,""1988-1992"",,,,""1993-1997"",,,,""1998-2002"",,,,""2003-2007"",,,,""2008-2012"",,,,""2013-2017"",,"
"Ecuador,""Population density (inhab/km2)"",1992,37.76,""E"",,1997,42.05,""E"",,2002,50.99,""E"",,2007,55.41,""E"",,2012,60.14,""E"",,2015,62.97,""E"","

",,,""1988-1992"",,,,""1993-1997"",,,,""1998-2002"",,,,""2003-2007"",,,,""2008-2012"",,,,""2013-2017"",,"
"Egypt,""Population density (inhab/km2)"",1992,58.84,""E"",,1997,64.66,""E"",,2002,70.81,""E"",,2007,77.49,""E"",,2012,85.54,""E"",,2015,91.38,""E"","

",,,""1988-1992"",,,,""1993-1997"",,,,""1998-2002"",,,,""2003-2007"",,,,""2008-2012"",,,,""2013-2017"",,"
"El Salvador,""Population density (inhab/km2)"",1992,256.3,""E"",,1997,270.5,""E"",,2002,279.2,""E"",,2007,284.5,""E"",,2012,288.6,""E"",,2015,291.2,""E"","

",,,""1988-1992"",,,,""1993-1997"",,,,""1998-2002"",,,,""2003-2007"",,,,""2008-2012"",,,,""2013-2017"",,"
"Equatorial Guinea,""Population density (inhab/km2)"",1992,14.41,""E"",,1997,17.11,""E"",,2002,20.24,""E"",,2007,23.74,""E"",,2012,27.58,""E"",,2015,30.13,""E"","

",,,""1988-1992"",,,,""1993-1997"",,,,""1998-2002"",,,,""2003-2007"",,,,""2008-2012"",,,,""2013-2017"",,"
"Eritrea,""Population density (inhab/km2)"",,,"""",,1997,27.73,""E"",,2002,32.22,""E"",,2007,37.47,""E"",,2012,41.6,""E"",,2015,44.46,""E"","

",,,""1988-1992"",,,,""1993-1997"",,,,""1998-2002"",,,,""2003-2007"",,,,""2008-2012"",,,,""2013-2017"",,"
"Estonia,""Population density (inhab/km2)"",1992,33.63,""E"",,1997,31.17,""E"",,2002,30.58,""E"",,2007,29.71,""E"",,2012,29.27,""E"",,2015,29.03,""E"","

",,,""1988-1992"",,,,""1993-1997"",,,,""1998-2002"",,,,""2003-2007"",,,,""2008-2012"",,,,""2013-2017"",,"
"Ethiopia,""Population density (inhab/km2)"",,,"""",,1997,55.14,""E"",,2002,63.74,""E"",,2007,73.25,""E"",,2012,83.48,""E"",,2015,90.0,""E"","

",,,""1988-1992"",,,,""1993-1997"",,,,""1998-2002"",,,,""2003-2007"",,,,""2008-2012"",,,,""2013-2017"",,"
"Faroe Islands,""Population density (inhab/km2)"",1992,33.36,""E"",,1997,31.86,""E"",,2002,33.99,""E"",,2007,34.81,""E"",,2012,34.66,""E"",,2015,34.53,""E"","

",,,""1988-1992"",,,,""1993-1997"",,,,""1998-2002"",,,,""2003-2007"",,,,""2008-2012"",,,,""2013-2017"",,"
"Fiji,""Population density (inhab/km2)"",1992,40.75,""E"",,1997,43.4,""E"",,2002,44.65,""E"",,2007,45.69,""E"",,2012,47.85,""E"",,2015,48.83,""E"","

",,,""1988-1992"",,,,""1993-1997"",,,,""1998-2002"",,,,""2003-2007"",,,,""2008-2012"",,,,""2013-2017"",,"
"Finland,""Population density (inhab/km2)"",1992,14.89,""E"",,1997,15.2,""E"",,2002,15.38,""E"",,2007,15.63,""E"",,2012,16.03,""E"",,2015,16.26,""E"","

",,,""1988-1992"",,,,""1993-1997"",,,,""1998-2002"",,,,""2003-2007"",,,,""2008-2012"",,,,""2013-2017"",,"
"France,""Population density (inhab/km2)"",1992,104.7,""E"",,1997,106.8,""E"",,2002,109.4,""E"",,2007,112.9,""E"",,2012,115.8,""E"",,2015,117.3,""E"","

",,,""1988-1992"",,,,""1993-1997"",,,,""1998-2002"",,,,""2003-2007"",,,,""2008-2012"",,,,""2013-2017"",,"
"Gabon,""Population density (inhab/km2)"",1992,3.755,""E"",,1997,4.274,""E"",,2002,4.816,""E"",,2007,5.383,""E"",,2012,6.026,""E"",,2015,6.445,""E"","

",,,""1988-1992"",,,,""1993-1997"",,,,""1998-2002"",,,,""2003-2007"",,,,""2008-2012"",,,,""2013-2017"",,"
"Gambia,""Population density (inhab/km2)"",1992,86.7,""E"",,1997,99.73,""E"",,2002,115.8,""E"",,2007,135.9,""E"",,2012,159.9,""E"",,2015,176.2,""E"","

",,,""1988-1992"",,,,""1993-1997"",,,,""1998-2002"",,,,""2003-2007"",,,,""2008-2012"",,,,""2013-2017"",,"
"Georgia,""Population density (inhab/km2)"",1992,76.7,""E"",,1997,70.6,""E"",,2002,66.43,""E"",,2007,62.93,""E"",,2012,59.38,""E"",,2015,57.39,""E"","

",,,""1988-1992"",,,,""1993-1997"",,,,""1998-2002"",,,,""2003-2007"",,,,""2008-2012"",,,,""2013-2017"",,"
"Germany,""Population density (inhab/km2)"",1992,224.3,""E"",,1997,229.7,""E"",,2002,228.8,""E"",,2007,226.4,""E"",,2012,225.3,""E"",,2015,225.9,""E"","

",,,""1988-1992"",,,,""1993-1997"",,,,""1998-2002"",,,,""2003-2007"",,,,""2008-2012"",,,,""2013-2017"",,"
"Ghana,""Population density (inhab/km2)"",1992,64.86,""E"",,1997,73.65,""E"",,2002,82.95,""E"",,2007,94.44,""E"",,2012,107.1,""E"",,2015,114.9,""E"","

",,,""1988-1992"",,,,""1993-1997"",,,,""1998-2002"",,,,""2003-2007"",,,,""2008-2012"",,,,""2013-2017"",,"
"Greece,""Population density (inhab/km2)"",1992,78.21,""E"",,1997,81.83,""E"",,2002,83.44,""E"",,2007,84.35,""E"",,2012,84.19,""E"",,2015,83.02,""E"","

",,,""1988-1992"",,,,""1993-1997"",,,,""1998-2002"",,,,""2003-2007"",,,,""2008-2012"",,,,""2013-2017"",,"
"Grenada,""Population density (inhab/km2)"",1992,285.9,""E"",,1997,297.4,""E"",,2002,300.3,""E"",,2007,304.7,""E"",,2012,310.3,""E"",,2015,314.1,""E"","

",,,""1988-1992"",,,,""1993-1997"",,,,""1998-2002"",,,,""2003-2007"",,,,""2008-2012"",,,,""2013-2017"",,"
"Guatemala,""Population density (inhab/km2)"",1992,88.34,""E"",,1997,99.84,""E"",,2002,112.7,""E"",,2007,126.7,""E"",,2012,141.1,""E"",,2015,150.1,""E"","

",,,""1988-1992"",,,,""1993-1997"",,,,""1998-2002"",,,,""2003-2007"",,,,""2008-2012"",,,,""2013-2017"",,"
"Guinea,""Population density (inhab/km2)"",1992,27.46,""E"",,1997,33.89,""E"",,2002,37.07,""E"",,2007,41.3,""E"",,2012,47.3,""E"",,2015,51.29,""E"","

",,,""1988-1992"",,,,""1993-1997"",,,,""1998-2002"",,,,""2003-2007"",,,,""2008-2012"",,,,""2013-2017"",,"
"Guinea-Bissau,""Population density (inhab/km2)"",1992,30.58,""E"",,1997,34.15,""E"",,2002,37.97,""E"",,2007,42.26,""E"",,2012,47.47,""E"",,2015,51.04,""E"","

",,,""1988-1992"",,,,""1993-1997"",,,,""1998-2002"",,,,""2003-2007"",,,,""2008-2012"",,,,""2013-2017"",,"
"Guyana,""Population density (inhab/km2)"",1992,3.338,""E"",,1997,3.413,""E"",,2002,3.457,""E"",,2007,3.468,""E"",,2012,3.528,""E"",,2015,3.568,""E"","

",,,""1988-1992"",,,,""1993-1997"",,,,""1998-2002"",,,,""2003-2007"",,,,""2008-2012"",,,,""2013-2017"",,"
"Haiti,""Population density (inhab/km2)"",1992,266.2,""E"",,1997,292.3,""E"",,2002,318.4,""E"",,2007,344.4,""E"",,2012,370.8,""E"",,2015,386.0,""E"","

",,,""1988-1992"",,,,""1993-1997"",,,,""1998-2002"",,,,""2003-2007"",,,,""2008-2012"",,,,""2013-2017"",,"
"Holy See,""Population density (inhab/km2)"",,,"""",,,,"""",,,,"""",,,,"""",,,,"""",,,,"""","

",,,""1988-1992"",,,,""1993-1997"",,,,""1998-2002"",,,,""2003-2007"",,,,""2008-2012"",,,,""2013-2017"",,"
"Honduras,""Population density (inhab/km2)"",1992,46.05,""E"",,1997,52.06,""E"",,2002,57.77,""E"",,2007,63.42,""E"",,2012,68.77,""E"",,2015,71.78,""E"","

",,,""1988-1992"",,,,""1993-1997"",,,,""1998-2002"",,,,""2003-2007"",,,,""2008-2012"",,,,""2013-2017"",,"
"Hungary,""Population density (inhab/km2)"",1992,111.4,""E"",,1997,110.8,""E"",,2002,109.3,""E"",,2007,108.2,""E"",,2012,107.0,""E"",,2015,105.9,""E"","

",,,""1988-1992"",,,,""1993-1997"",,,,""1998-2002"",,,,""2003-2007"",,,,""2008-2012"",,,,""2013-2017"",,"
"Iceland,""Population density (inhab/km2)"",1992,2.523,""E"",,1997,2.649,""E"",,2002,2.785,""E"",,2007,2.965,""E"",,2012,3.14,""E"",,2015,3.198,""E"","

",,,""1988-1992"",,,,""1993-1997"",,,,""1998-2002"",,,,""2003-2007"",,,,""2008-2012"",,,,""2013-2017"",,"
"India,""Population density (inhab/km2)"",1992,275.7,""E"",,1997,303.5,""E"",,2002,331.6,""E"",,2007,358.9,""E"",,2012,384.4,""E"",,2015,398.8,""E"","

",,,""1988-1992"",,,,""1993-1997"",,,,""1998-2002"",,,,""2003-2007"",,,,""2008-2012"",,,,""2013-2017"",,"
"Indonesia,""Population density (inhab/km2)"",1992,98.26,""E"",,1997,106.2,""E"",,2002,113.8,""E"",,2007,121.6,""E"",,2012,129.8,""E"",,2015,134.8,""E"","

",,,""1988-1992"",,,,""1993-1997"",,,,""1998-2002"",,,,""2003-2007"",,,,""2008-2012"",,,,""2013-2017"",,"
"Iran (Islamic Republic of),""Population density (inhab/km2)"",1992,33.31,""E"",,1997,35.77,""E"",,2002,38.79,""E"",,2007,41.1,""E"",,2012,43.64,""E"",,2015,45.33,""E"","

",,,""1988-1992"",,,,""1993-1997"",,,,""1998-2002"",,,,""2003-2007"",,,,""2008-2012"",,,,""2013-2017"",,"
"Iraq,""Population density (inhab/km2)"",1992,42.14,""E"",,1997,49.09,""E"",,2002,56.91,""E"",,2007,64.85,""E"",,2012,75.72,""E"",,2015,83.68,""E"","

",,,""1988-1992"",,,,""1993-1997"",,,,""1998-2002"",,,,""2003-2007"",,,,""2008-2012"",,,,""2013-2017"",,"
"Ireland,""Population density (inhab/km2)"",1992,50.97,""E"",,1997,52.73,""E"",,2002,56.46,""E"",,2007,62.45,""E"",,2012,66.42,""E"",,2015,66.7,""E"","

",,,""1988-1992"",,,,""1993-1997"",,,,""1998-2002"",,,,""2003-2007"",,,,""2008-2012"",,,,""2013-2017"",,"
"Israel,""Population density (inhab/km2)"",1992,217.8,""E"",,1997,255.1,""E"",,2002,282.7,""E"",,2007,313.6,""E"",,2012,348.7,""E"",,2015,365.4,""E"","

",,,""1988-1992"",,,,""1993-1997"",,,,""1998-2002"",,,,""2003-2007"",,,,""2008-2012"",,,,""2013-2017"",,"
"Italy,""Population density (inhab/km2)"",1992,189.4,""E"",,1997,189.3,""E"",,2002,191.3,""E"",,2007,196.3,""E"",,2012,198.2,""E"",,2015,198.4,""E"","

",,,""1988-1992"",,,,""1993-1997"",,,,""1998-2002"",,,,""2003-2007"",,,,""2008-2012"",,,,""2013-2017"",,"
"Jamaica,""Population density (inhab/km2)"",1992,220.5,""E"",,1997,230.7,""E"",,2002,239.8,""E"",,2007,246.1,""E"",,2012,251.4,""E"",,2015,254.1,""E"","

",,,""1988-1992"",,,,""1993-1997"",,,,""1998-2002"",,,,""2003-2007"",,,,""2008-2012"",,,,""2013-2017"",,"
"Japan,""Population density (inhab/km2)"",1992,326.0,""E"",,1997,331.0,""E"",,2002,334.1,""E"",,2007,336.7,""E"",,2012,336.4,""E"",,2015,334.9,""E"","

",,,""1988-1992"",,,,""1993-1997"",,,,""1998-2002"",,,,""2003-2007"",,,,""2008-2012"",,,,""2013-2017"",,"
"Jordan,""Population density (inhab/km2)"",1992,42.17,""E"",,1997,51.19,""E"",,2002,55.63,""E"",,2007,64.87,""E"",,2012,78.3,""E"",,2015,85.03,""E"","

",,,""1988-1992"",,,,""1993-1997"",,,,""1998-2002"",,,,""2003-2007"",,,,""2008-2012"",,,,""2013-2017"",,"
"Kazakhstan,""Population density (inhab/km2)"",1992,6.031,""E"",,1997,5.676,""E"",,2002,5.509,""E"",,2007,5.782,""E"",,2012,6.173,""E"",,2015,6.468,""E"","

",,,""1988-1992"",,,,""1993-1997"",,,,""1998-2002"",,,,""2003-2007"",,,,""2008-2012"",,,,""2013-2017"",,"
"Kenya,""Population density (inhab/km2)"",1992,43.13,""E"",,1997,49.7,""E"",,2002,56.33,""E"",,2007,64.18,""E"",,2012,73.3,""E"",,2015,79.35,""E"","

",,,""1988-1992"",,,,""1993-1997"",,,,""1998-2002"",,,,""2003-2007"",,,,""2008-2012"",,,,""2013-2017"",,"
"Kiribati,""Population density (inhab/km2)"",1992,92.31,""E"",,1997,99.0,""E"",,2002,107.8,""E"",,2007,118.9,""E"",,2012,131.6,""E"",,2015,138.8,""E"","

",,,""1988-1992"",,,,""1993-1997"",,,,""1998-2002"",,,,""2003-2007"",,,,""2008-2012"",,,,""2013-2017"",,"
"Kuwait,""Population density (inhab/km2)"",1992,107.1,""E"",,1997,94.61,""E"",,2002,114.6,""E"",,2007,142.5,""E"",,2012,191.9,""E"",,2015,218.4,""E"","

",,,""1988-1992"",,,,""1993-1997"",,,,""1998-2002"",,,,""2003-2007"",,,,""2008-2012"",,,,""2013-2017"",,"
"Kyrgyzstan,""Population density (inhab/km2)"",1992,22.39,""E"",,1997,23.68,""E"",,2002,25.15,""E"",,2007,26.15,""E"",,2012,28.25,""E"",,2015,29.71,""E"","

",,,""1988-1992"",,,,""1993-1997"",,,,""1998-2002"",,,,""2003-2007"",,,,""2008-2012"",,,,""2013-2017"",,"
"Lao People's Democratic Republic,""Population density (inhab/km2)"",1992,18.99,""E"",,1997,21.41,""E"",,2002,23.23,""E"",,2007,25.08,""E"",,2012,27.34,""E"",,2015,28.72,""E"","

",,,""1988-1992"",,,,""1993-1997"",,,,""1998-2002"",,,,""2003-2007"",,,,""2008-2012"",,,,""2013-2017"",,"
"Latvia,""Population density (inhab/km2)"",1992,40.44,""E"",,1997,37.72,""E"",,2002,35.89,""E"",,2007,33.63,""E"",,2012,31.59,""E"",,2015,30.55,""E"","

",,,""1988-1992"",,,,""1993-1997"",,,,""1998-2002"",,,,""2003-2007"",,,,""2008-2012"",,,,""2013-2017"",,"
"Lebanon,""Population density (inhab/km2)"",1992,270.0,""E"",,1997,296.0,""E"",,2002,337.1,""E"",,2007,390.9,""E"",,2012,471.2,""E"",,2015,559.9,""E"","

",,,""1988-1992"",,,,""1993-1997"",,,,""1998-2002"",,,,""2003-2007"",,,,""2008-2012"",,,,""2013-2017"",,"
"Lesotho,""Population density (inhab/km2)"",1992,54.68,""E"",,1997,59.35,""E"",,2002,62.09,""E"",,2007,64.43,""E"",,2012,67.75,""E"",,2015,70.32,""E"","

",,,""1988-1992"",,,,""1993-1997"",,,,""1998-2002"",,,,""2003-2007"",,,,""2008-2012"",,,,""2013-2017"",,"
"Liberia,""Population density (inhab/km2)"",1992,18.22,""E"",,1997,21.24,""E"",,2002,27.57,""E"",,2007,31.62,""E"",,2012,37.62,""E"",,2015,40.43,""E"","

",,,""1988-1992"",,,,""1993-1997"",,,,""1998-2002"",,,,""2003-2007"",,,,""2008-2012"",,,,""2013-2017"",,"
"Libya,""Population density (inhab/km2)"",1992,2.613,""E"",,1997,2.877,""E"",,2002,3.136,""E"",,2007,3.42,""E"",,2012,3.571,""E"",,2015,3.568,""E"","

",,,""1988-1992"",,,,""1993-1997"",,,,""1998-2002"",,,,""2003-2007"",,,,""2008-2012"",,,,""2013-2017"",,"
"Liechtenstein,""Population density (inhab/km2)"",1992,184.4,""E"",,1997,199.0,""E"",,2002,212.4,""E"",,2007,221.4,""E"",,2012,229.9,""E"",,2015,234.6,""E"","

",,,""1988-1992"",,,,""1993-1997"",,,,""1998-2002"",,,,""2003-2007"",,,,""2008-2012"",,,,""2013-2017"",,"
"Lithuania,""Population density (inhab/km2)"",1992,56.52,""E"",,1997,54.73,""E"",,2002,52.57,""E"",,2007,49.98,""E"",,2012,46.19,""E"",,2015,44.07,""E"","

",,,""1988-1992"",,,,""1993-1997"",,,,""1998-2002"",,,,""2003-2007"",,,,""2008-2012"",,,,""2013-2017"",,"
"Luxembourg,""Population density (inhab/km2)"",,,"""",,,,"""",,2002,171.3,""E"",,2007,183.3,""E"",,2012,205.6,""E"",,2015,219.0,""E"","

",,,""1988-1992"",,,,""1993-1997"",,,,""1998-2002"",,,,""2003-2007"",,,,""2008-2012"",,,,""2013-2017"",,"
"Madagascar,""Population density (inhab/km2)"",1992,20.89,""E"",,1997,24.41,""E"",,2002,28.51,""E"",,2007,33.0,""E"",,2012,37.96,""E"",,2015,41.27,""E"","

",,,""1988-1992"",,,,""1993-1997"",,,,""1998-2002"",,,,""2003-2007"",,,,""2008-2012"",,,,""2013-2017"",,"
"Malawi,""Population density (inhab/km2)"",1992,81.73,""E"",,1997,86.6,""E"",,2002,99.5,""E"",,2007,113.9,""E"",,2012,132.5,""E"",,2015,145.3,""E"","

",,,""1988-1992"",,,,""1993-1997"",,,,""1998-2002"",,,,""2003-2007"",,,,""2008-2012"",,,,""2013-2017"",,"
"Malaysia,""Population density (inhab/km2)"",1992,58.06,""E"",,1997,65.93,""E"",,2002,73.77,""E"",,2007,80.81,""E"",,2012,87.73,""E"",,2015,91.69,""E"","

",,,""1988-1992"",,,,""1993-1997"",,,,""1998-2002"",,,,""2003-2007"",,,,""2008-2012"",,,,""2013-2017"",,"
"Maldives,""Population density (inhab/km2)"",1992,786.7,""E"",,1997,883.7,""E"",,2002,967.3,""E"",,2007,1052.0,""E"",,2012,1149.0,""E"",,2015,1212.0,""E"","

",,,""1988-1992"",,,,""1993-1997"",,,,""1998-2002"",,,,""2003-2007"",,,,""2008-2012"",,,,""2013-2017"",,"
"Mali,""Population density (inhab/km2)"",1992,7.169,""E"",,1997,8.199,""E"",,2002,9.453,""E"",,2007,11.09,""E"",,2012,12.99,""E"",,2015,14.19,""E"","

",,,""1988-1992"",,,,""1993-1997"",,,,""1998-2002"",,,,""2003-2007"",,,,""2008-2012"",,,,""2013-2017"",,"
"Malta,""Population density (inhab/km2)"",1992,1133.0,""E"",,1997,1184.0,""E"",,2002,1222.0,""E"",,2007,1260.0,""E"",,2012,1299.0,""E"",,2015,1308.0,""E"","

",,,""1988-1992"",,,,""1993-1997"",,,,""1998-2002"",,,,""2003-2007"",,,,""2008-2012"",,,,""2013-2017"",,"
"Marshall Islands,""Population density (inhab/km2)"",1992,274.3,""E"",,1997,287.2,""E"",,2002,289.8,""E"",,2007,289.7,""E"",,2012,292.6,""E"",,2015,294.4,""E"","

",,,""1988-1992"",,,,""1993-1997"",,,,""1998-2002"",,,,""2003-2007"",,,,""2008-2012"",,,,""2013-2017"",,"
"Mauritania,""Population density (inhab/km2)"",1992,2.076,""E"",,1997,2.402,""E"",,2002,2.799,""E"",,2007,3.229,""E"",,2012,3.664,""E"",,2015,3.947,""E"","

",,,""1988-1992"",,,,""1993-1997"",,,,""1998-2002"",,,,""2003-2007"",,,,""2008-2012"",,,,""2013-2017"",,"
"Mauritius,""Population density (inhab/km2)"",1992,530.9,""E"",,1997,565.7,""E"",,2002,589.2,""E"",,2007,604.4,""E"",,2012,616.7,""E"",,2015,624.0,""E"","

",,,""1988-1992"",,,,""1993-1997"",,,,""1998-2002"",,,,""2003-2007"",,,,""2008-2012"",,,,""2013-2017"",,"
"Mexico,""Population density (inhab/km2)"",1992,45.36,""E"",,1997,49.85,""E"",,2002,53.75,""E"",,2007,57.6,""E"",,2012,62.14,""E"",,2015,64.66,""E"","

",,,""1988-1992"",,,,""1993-1997"",,,,""1998-2002"",,,,""2003-2007"",,,,""2008-2012"",,,,""2013-2017"",,"
"Micronesia (Federated States of),""Population density (inhab/km2)"",1992,144.9,""E"",,1997,155.0,""E"",,2002,152.9,""E"",,2007,150.1,""E"",,2012,147.9,""E"",,2015,149.3,""E"","

",,,""1988-1992"",,,,""1993-1997"",,,,""1998-2002"",,,,""2003-2007"",,,,""2008-2012"",,,,""2013-2017"",,"
"Monaco,""Population density (inhab/km2)"",,,"""",,,,"""",,,,"""",,,,"""",,,,"""",,,,"""","

",,,""1988-1992"",,,,""1993-1997"",,,,""1998-2002"",,,,""2003-2007"",,,,""2008-2012"",,,,""2013-2017"",,"
"Mongolia,""Population density (inhab/km2)"",1992,1.435,""E"",,1997,1.493,""E"",,2002,1.563,""E"",,2007,1.658,""E"",,2012,1.795,""E"",,2015,1.892,""E"","

",,,""1988-1992"",,,,""1993-1997"",,,,""1998-2002"",,,,""2003-2007"",,,,""2008-2012"",,,,""2013-2017"",,"
"Montenegro,""Population density (inhab/km2)"",,,"""",,,,"""",,,,"""",,2007,44.79,""E"",,2012,45.18,""E"",,2015,45.31,""E"","

",,,""1988-1992"",,,,""1993-1997"",,,,""1998-2002"",,,,""2003-2007"",,,,""2008-2012"",,,,""2013-2017"",,"
"Morocco,""Population density (inhab/km2)"",1992,57.92,""E"",,1997,62.56,""E"",,2002,66.14,""E"",,2007,69.45,""E"",,2012,73.86,""E"",,2015,76.99,""E"","

",,,""1988-1992"",,,,""1993-1997"",,,,""1998-2002"",,,,""2003-2007"",,,,""2008-2012"",,,,""2013-2017"",,"
"Mozambique,""Population density (inhab/km2)"",1992,17.77,""E"",,1997,21.11,""E"",,2002,24.21,""E"",,2007,27.97,""E"",,2012,32.19,""E"",,2015,35.0,""E"","

",,,""1988-1992"",,,,""1993-1997"",,,,""1998-2002"",,,,""2003-2007"",,,,""2008-2012"",,,,""2013-2017"",,"
"Myanmar,""Population density (inhab/km2)"",1992,63.74,""E"",,1997,67.83,""E"",,2002,71.96,""E"",,2007,74.93,""E"",,2012,77.66,""E"",,2015,79.66,""E"","

",,,""1988-1992"",,,,""1993-1997"",,,,""1998-2002"",,,,""2003-2007"",,,,""2008-2012"",,,,""2013-2017"",,"
"Namibia,""Population density (inhab/km2)"",1992,1.837,""E"",,1997,2.133,""E"",,2002,2.375,""E"",,2007,2.527,""E"",,2012,2.781,""E"",,2015,2.983,""E"","

",,,""1988-1992"",,,,""1993-1997"",,,,""1998-2002"",,,,""2003-2007"",,,,""2008-2012"",,,,""2013-2017"",,"
"Nauru,""Population density (inhab/km2)"",1992,477.0,""E"",,1997,503.0,""E"",,2002,503.5,""E"",,2007,503.5,""E"",,2012,504.0,""E"",,2015,511.0,""E"","

",,,""1988-1992"",,,,""1993-1997"",,,,""1998-2002"",,,,""2003-2007"",,,,""2008-2012"",,,,""2013-2017"",,"
"Nepal,""Population density (inhab/km2)"",1992,134.3,""E"",,1997,152.2,""E"",,2002,166.6,""E"",,2007,177.1,""E"",,2012,186.9,""E"",,2015,193.7,""E"","

",,,""1988-1992"",,,,""1993-1997"",,,,""1998-2002"",,,,""2003-2007"",,,,""2008-2012"",,,,""2013-2017"",,"
"Netherlands,""Population density (inhab/km2)"",1992,364.3,""E"",,1997,376.5,""E"",,2002,387.1,""E"",,2007,396.3,""E"",,2012,403.6,""E"",,2015,407.8,""E"","

",,,""1988-1992"",,,,""1993-1997"",,,,""1998-2002"",,,,""2003-2007"",,,,""2008-2012"",,,,""2013-2017"",,"
"New Zealand,""Population density (inhab/km2)"",1992,13.09,""E"",,1997,14.02,""E"",,2002,14.8,""E"",,2007,15.83,""E"",,2012,16.57,""E"",,2015,16.92,""E"","

",,,""1988-1992"",,,,""1993-1997"",,,,""1998-2002"",,,,""2003-2007"",,,,""2008-2012"",,,,""2013-2017"",,"
"Nicaragua,""Population density (inhab/km2)"",1992,33.22,""E"",,1997,36.72,""E"",,2002,39.67,""E"",,2007,42.36,""E"",,2012,45.08,""E"",,2015,46.65,""E"","

",,,""1988-1992"",,,,""1993-1997"",,,,""1998-2002"",,,,""2003-2007"",,,,""2008-2012"",,,,""2013-2017"",,"
"Niger,""Population density (inhab/km2)"",1992,6.663,""E"",,1997,7.939,""E"",,2002,9.531,""E"",,2007,11.47,""E"",,2012,13.92,""E"",,2015,15.71,""E"","

",,,""1988-1992"",,,,""1993-1997"",,,,""1998-2002"",,,,""2003-2007"",,,,""2008-2012"",,,,""2013-2017"",,"
"Nigeria,""Population density (inhab/km2)"",1992,108.9,""E"",,1997,123.4,""E"",,2002,139.9,""E"",,2007,159.3,""E"",,2012,182.1,""E"",,2015,197.2,""E"","

",,,""1988-1992"",,,,""1993-1997"",,,,""1998-2002"",,,,""2003-2007"",,,,""2008-2012"",,,,""2013-2017"",,"
"Niue,""Population density (inhab/km2)"",1992,8.692,""E"",,1997,7.962,""E"",,2002,6.923,""E"",,2007,6.346,""E"",,2012,6.192,""E"",,2015,6.192,""E"","

",,,""1988-1992"",,,,""1993-1997"",,,,""1998-2002"",,,,""2003-2007"",,,,""2008-2012"",,,,""2013-2017"",,"
"Norway,""Population density (inhab/km2)"",1992,11.13,""E"",,1997,11.46,""E"",,2002,11.78,""E"",,2007,12.25,""E"",,2012,13.03,""E"",,2015,13.53,""E"","

",,,""1988-1992"",,,,""1993-1997"",,,,""1998-2002"",,,,""2003-2007"",,,,""2008-2012"",,,,""2013-2017"",,"
"Occupied Palestinian Territory,""Population density (inhab/km2)"",1992,379.9,""E"",,1997,477.1,""E"",,2002,561.6,""E"",,2007,623.8,""E"",,2012,714.0,""E"",,2015,775.4,""E"","

",,,""1988-1992"",,,,""1993-1997"",,,,""1998-2002"",,,,""2003-2007"",,,,""2008-2012"",,,,""2013-2017"",,"
"Oman,""Population density (inhab/km2)"",1992,6.397,""E"",,1997,7.199,""E"",,2002,7.506,""E"",,2007,8.381,""E"",,2012,11.45,""E"",,2015,14.51,""E"","

",,,""1988-1992"",,,,""1993-1997"",,,,""1998-2002"",,,,""2003-2007"",,,,""2008-2012"",,,,""2013-2017"",,"
"Pakistan,""Population density (inhab/km2)"",1992,142.7,""E"",,1997,161.8,""E"",,2002,181.2,""E"",,2007,200.7,""E"",,2012,222.8,""E"",,2015,237.3,""E"","

",,,""1988-1992"",,,,""1993-1997"",,,,""1998-2002"",,,,""2003-2007"",,,,""2008-2012"",,,,""2013-2017"",,"
"Palau,""Population density (inhab/km2)"",1992,34.54,""E"",,1997,39.39,""E"",,2002,42.54,""E"",,2007,43.74,""E"",,2012,45.13,""E"",,2015,46.28,""E"","

",,,""1988-1992"",,,,""1993-1997"",,,,""1998-2002"",,,,""2003-2007"",,,,""2008-2012"",,,,""2013-2017"",,"
"Panama,""Population density (inhab/km2)"",1992,34.14,""E"",,1997,37.83,""E"",,2002,41.7,""E"",,2007,45.58,""E"",,2012,49.64,""E"",,2015,52.09,""E"","

",,,""1988-1992"",,,,""1993-1997"",,,,""1998-2002"",,,,""2003-2007"",,,,""2008-2012"",,,,""2013-2017"",,"
"Papua New Guinea,""Population density (inhab/km2)"",1992,9.44,""E"",,1997,10.74,""E"",,2002,12.21,""E"",,2007,13.8,""E"",,2012,15.46,""E"",,2015,16.46,""E"","

",,,""1988-1992"",,,,""1993-1997"",,,,""1998-2002"",,,,""2003-2007"",,,,""2008-2012"",,,,""2013-2017"",,"
"Paraguay,""Population density (inhab/km2)"",1992,10.9,""E"",,1997,12.24,""E"",,2002,13.54,""E"",,2007,14.67,""E"",,2012,15.68,""E"",,2015,16.32,""E"","

",,,""1988-1992"",,,,""1993-1997"",,,,""1998-2002"",,,,""2003-2007"",,,,""2008-2012"",,,,""2013-2017"",,"
"Peru,""Population density (inhab/km2)"",1992,17.69,""E"",,1997,19.32,""E"",,2002,20.7,""E"",,2007,22.01,""E"",,2012,23.47,""E"",,2015,24.41,""E"","

",,,""1988-1992"",,,,""1993-1997"",,,,""1998-2002"",,,,""2003-2007"",,,,""2008-2012"",,,,""2013-2017"",,"
"Philippines,""Population density (inhab/km2)"",1992,216.9,""E"",,1997,243.5,""E"",,2002,271.0,""E"",,2007,296.6,""E"",,2012,320.1,""E"",,2015,335.7,""E"","

",,,""1988-1992"",,,,""1993-1997"",,,,""1998-2002"",,,,""2003-2007"",,,,""2008-2012"",,,,""2013-2017"",,"
"Poland,""Population density (inhab/km2)"",1992,122.8,""E"",,1997,123.4,""E"",,2002,123.0,""E"",,2007,123.1,""E"",,2012,123.5,""E"",,2015,123.5,""E"","

",,,""1988-1992"",,,,""1993-1997"",,,,""1998-2002"",,,,""2003-2007"",,,,""2008-2012"",,,,""2013-2017"",,"
"Portugal,""Population density (inhab/km2)"",1992,107.9,""E"",,1997,110.3,""E"",,2002,112.5,""E"",,2007,114.6,""E"",,2012,114.0,""E"",,2015,112.2,""E"","

",,,""1988-1992"",,,,""1993-1997"",,,,""1998-2002"",,,,""2003-2007"",,,,""2008-2012"",,,,""2013-2017"",,"
"Puerto Rico,""Population density (inhab/km2)"",1992,404.4,""E"",,1997,422.4,""E"",,2002,427.8,""E"",,2007,421.5,""E"",,2012,416.7,""E"",,2015,415.2,""E"","

",,,""1988-1992"",,,,""1993-1997"",,,,""1998-2002"",,,,""2003-2007"",,,,""2008-2012"",,,,""2013-2017"",,"
"Qatar,""Population density (inhab/km2)"",1992,42.18,""E"",,1997,45.5,""E"",,2002,54.64,""E"",,2007,101.6,""E"",,2012,173.6,""E"",,2015,192.5,""E"","

",,,""1988-1992"",,,,""1993-1997"",,,,""1998-2002"",,,,""2003-2007"",,,,""2008-2012"",,,,""2013-2017"",,"
"Republic of Korea,""Population density (inhab/km2)"",1992,440.3,""E"",,1997,456.2,""E"",,2002,469.6,""E"",,2007,483.4,""E"",,2012,495.3,""E"",,2015,501.6,""E"","

",,,""1988-1992"",,,,""1993-1997"",,,,""1998-2002"",,,,""2003-2007"",,,,""2008-2012"",,,,""2013-2017"",,"
"Republic of Moldova,""Population density (inhab/km2)"",1992,129.6,""E"",,1997,126.6,""E"",,2002,123.4,""E"",,2007,121.9,""E"",,2012,120.4,""E"",,2015,120.2,""E"","

",,,""1988-1992"",,,,""1993-1997"",,,,""1998-2002"",,,,""2003-2007"",,,,""2008-2012"",,,,""2013-2017"",,"
"Romania,""Population density (inhab/km2)"",1992,98.05,""E"",,1997,94.94,""E"",,2002,91.66,""E"",,2007,88.01,""E"",,2012,83.67,""E"",,2015,81.84,""E"","

",,,""1988-1992"",,,,""1993-1997"",,,,""1998-2002"",,,,""2003-2007"",,,,""2008-2012"",,,,""2013-2017"",,"
"Russian Federation,""Population density (inhab/km2)"",1992,8.675,""E"",,1997,8.643,""E"",,2002,8.492,""E"",,2007,8.374,""E"",,2012,8.38,""E"",,2015,8.39,""E"","

",,,""1988-1992"",,,,""1993-1997"",,,,""1998-2002"",,,,""2003-2007"",,,,""2008-2012"",,,,""2013-2017"",,"
"Rwanda,""Population density (inhab/km2)"",1992,254.9,""E"",,1997,247.0,""E"",,2002,324.2,""E"",,2007,359.9,""E"",,2012,410.7,""E"",,2015,440.8,""E"","

",,,""1988-1992"",,,,""1993-1997"",,,,""1998-2002"",,,,""2003-2007"",,,,""2008-2012"",,,,""2013-2017"",,"
"Saint Kitts and Nevis,""Population density (inhab/km2)"",1992,159.1,""E"",,1997,168.8,""E"",,2002,180.5,""E"",,2007,194.1,""E"",,2012,206.3,""E"",,2015,213.7,""E"","

",,,""1988-1992"",,,,""1993-1997"",,,,""1998-2002"",,,,""2003-2007"",,,,""2008-2012"",,,,""2013-2017"",,"
"Saint Lucia,""Population density (inhab/km2)"",1992,228.9,""E"",,1997,243.5,""E"",,2002,258.4,""E"",,2007,274.5,""E"",,2012,291.8,""E"",,2015,298.4,""E"","

",,,""1988-1992"",,,,""1993-1997"",,,,""1998-2002"",,,,""2003-2007"",,,,""2008-2012"",,,,""2013-2017"",,"
"Saint Vincent and the Grenadines,""Population density (inhab/km2)"",1992,276.9,""E"",,1997,276.9,""E"",,2002,277.4,""E"",,2007,279.5,""E"",,2012,280.3,""E"",,2015,280.8,""E"","

",,,""1988-1992"",,,,""1993-1997"",,,,""1998-2002"",,,,""2003-2007"",,,,""2008-2012"",,,,""2013-2017"",,"
"Samoa,""Population density (inhab/km2)"",1992,58.31,""E"",,1997,60.63,""E"",,2002,62.18,""E"",,2007,64.15,""E"",,2012,66.51,""E"",,2015,68.03,""E"","

",,,""1988-1992"",,,,""1993-1997"",,,,""1998-2002"",,,,""2003-2007"",,,,""2008-2012"",,,,""2013-2017"",,"
"San Marino,""Population density (inhab/km2)"",1992,412.5,""E"",,1997,441.7,""E"",,2002,469.0,""E"",,2007,497.8,""E"",,2012,519.5,""E"",,2015,529.7,""E"","

",,,""1988-1992"",,,,""1993-1997"",,,,""1998-2002"",,,,""2003-2007"",,,,""2008-2012"",,,,""2013-2017"",,"
"Sao Tome and Principe,""Population density (inhab/km2)"",1992,123.3,""E"",,1997,135.5,""E"",,2002,149.1,""E"",,2007,166.8,""E"",,2012,185.9,""E"",,2015,198.2,""E"","

",,,""1988-1992"",,,,""1993-1997"",,,,""1998-2002"",,,,""2003-2007"",,,,""2008-2012"",,,,""2013-2017"",,"
"Saudi Arabia,""Population density (inhab/km2)"",1992,8.094,""E"",,1997,9.215,""E"",,2002,10.54,""E"",,2007,12.13,""E"",,2012,13.72,""E"",,2015,14.67,""E"","

",,,""1988-1992"",,,,""1993-1997"",,,,""1998-2002"",,,,""2003-2007"",,,,""2008-2012"",,,,""2013-2017"",,"
"Senegal,""Population density (inhab/km2)"",1992,40.62,""E"",,1997,46.58,""E"",,2002,52.81,""E"",,2007,60.48,""E"",,2012,70.05,""E"",,2015,76.91,""E"","

",,,""1988-1992"",,,,""1993-1997"",,,,""1998-2002"",,,,""2003-2007"",,,,""2008-2012"",,,,""2013-2017"",,"
"Serbia,""Population density (inhab/km2)"",,,"""",,,,"""",,,,"""",,2007,103.3,""E"",,2012,101.7,""E"",,2015,100.2,""E"","

",,,""1988-1992"",,,,""1993-1997"",,,,""1998-2002"",,,,""2003-2007"",,,,""2008-2012"",,,,""2013-2017"",,"
"Seychelles,""Population density (inhab/km2)"",1992,158.1,""E"",,1997,170.6,""E"",,2002,182.8,""E"",,2007,197.5,""E"",,2012,205.5,""E"",,2015,212.0,""E"","

",,,""1988-1992"",,,,""1993-1997"",,,,""1998-2002"",,,,""2003-2007"",,,,""2008-2012"",,,,""2013-2017"",,"
"Sierra Leone,""Population density (inhab/km2)"",1992,54.34,""E"",,1997,53.15,""E"",,2002,61.16,""E"",,2007,74.56,""E"",,2012,83.58,""E"",,2015,89.25,""E"","

",,,""1988-1992"",,,,""1993-1997"",,,,""1998-2002"",,,,""2003-2007"",,,,""2008-2012"",,,,""2013-2017"",,"
"Singapore,""Population density (inhab/km2)"",1992,4696.0,""E"",,1997,5372.0,""E"",,2002,6038.0,""E"",,2007,6713.0,""E"",,2012,7402.0,""E"",,2015,7816.0,""E"","

",,,""1988-1992"",,,,""1993-1997"",,,,""1998-2002"",,,,""2003-2007"",,,,""2008-2012"",,,,""2013-2017"",,"
"Slovakia,""Population density (inhab/km2)"",,,"""",,1997,109.7,""E"",,2002,109.8,""E"",,2007,110.0,""E"",,2012,110.4,""E"",,2015,110.6,""E"","

",,,""1988-1992"",,,,""1993-1997"",,,,""1998-2002"",,,,""2003-2007"",,,,""2008-2012"",,,,""2013-2017"",,"
"Slovenia,""Population density (inhab/km2)"",1992,98.96,""E"",,1997,98.08,""E"",,2002,98.08,""E"",,2007,99.51,""E"",,2012,101.8,""E"",,2015,102.0,""E"","

",,,""1988-1992"",,,,""1993-1997"",,,,""1998-2002"",,,,""2003-2007"",,,,""2008-2012"",,,,""2013-2017"",,"
"Solomon Islands,""Population density (inhab/km2)"",1992,11.42,""E"",,1997,13.15,""E"",,2002,15.05,""E"",,2007,17.03,""E"",,2012,19.0,""E"",,2015,20.19,""E"","

",,,""1988-1992"",,,,""1993-1997"",,,,""1998-2002"",,,,""2003-2007"",,,,""2008-2012"",,,,""2013-2017"",,"
"Somalia,""Population density (inhab/km2)"",1992,9.87,""E"",,1997,10.46,""E"",,2002,12.27,""E"",,2007,13.97,""E"",,2012,15.74,""E"",,2015,16.92,""E"","

",,,""1988-1992"",,,,""1993-1997"",,,,""1998-2002"",,,,""2003-2007"",,,,""2008-2012"",,,,""2013-2017"",,"
"South Africa,""Population density (inhab/km2)"",1992,31.7,""E"",,1997,35.21,""E"",,2002,37.96,""E"",,2007,40.76,""E"",,2012,43.34,""E"",,2015,44.7,""E"","

",,,""1988-1992"",,,,""1993-1997"",,,,""1998-2002"",,,,""2003-2007"",,,,""2008-2012"",,,,""2013-2017"",,"
"South Sudan,""Population density (inhab/km2)"",,,"""",,,,"""",,,,"""",,,,"""",,2012,17.04,""K"",,2015,19.15,""K"","

",,,""1988-1992"",,,,""1993-1997"",,,,""1998-2002"",,,,""2003-2007"",,,,""2008-2012"",,,,""2013-2017"",,"
"Spain,""Population density (inhab/km2)"",1992,77.86,""E"",,1997,79.05,""E"",,2002,82.75,""E"",,2007,89.46,""E"",,2012,92.18,""E"",,2015,91.16,""E"","

",,,""1988-1992"",,,,""1993-1997"",,,,""1998-2002"",,,,""2003-2007"",,,,""2008-2012"",,,,""2013-2017"",,"
"Sri Lanka,""Population density (inhab/km2)"",1992,270.4,""E"",,1997,281.6,""E"",,2002,290.5,""E"",,2007,302.0,""E"",,2012,311.3,""E"",,2015,315.7,""E"","

",,,""1988-1992"",,,,""1993-1997"",,,,""1998-2002"",,,,""2003-2007"",,,,""2008-2012"",,,,""2013-2017"",,"
"Sudan,""Population density (inhab/km2)"",,,"""",,,,"""",,,,"""",,,,"""",,2012,20.07,""K"",,2015,21.41,""K"","

",,,""1988-1992"",,,,""1993-1997"",,,,""1998-2002"",,,,""2003-2007"",,,,""2008-2012"",,,,""2013-2017"",,"
"Suriname,""Population density (inhab/km2)"",1992,2.586,""E"",,1997,2.818,""E"",,2002,2.969,""E"",,2007,3.058,""E"",,2012,3.226,""E"",,2015,3.315,""E"","

",,,""1988-1992"",,,,""1993-1997"",,,,""1998-2002"",,,,""2003-2007"",,,,""2008-2012"",,,,""2013-2017"",,"
"Swaziland,""Population density (inhab/km2)"",1992,52.3,""E"",,1997,58.01,""E"",,2002,62.33,""E"",,2007,65.38,""E"",,2012,70.97,""E"",,2015,74.14,""E"","

",,,""1988-1992"",,,,""1993-1997"",,,,""1998-2002"",,,,""2003-2007"",,,,""2008-2012"",,,,""2013-2017"",,"
"Sweden,""Population density (inhab/km2)"",1992,19.27,""E"",,1997,19.67,""E"",,2002,19.79,""E"",,2007,20.33,""E"",,2012,21.33,""E"",,2015,21.86,""E"","

",,,""1988-1992"",,,,""1993-1997"",,,,""1998-2002"",,,,""2003-2007"",,,,""2008-2012"",,,,""2013-2017"",,"
"Switzerland,""Population density (inhab/km2)"",1992,165.1,""E"",,1997,171.8,""E"",,2002,175.4,""E"",,2007,183.1,""E"",,2012,194.4,""E"",,2015,201.0,""E"","

",,,""1988-1992"",,,,""1993-1997"",,,,""1998-2002"",,,,""2003-2007"",,,,""2008-2012"",,,,""2013-2017"",,"
"Syrian Arab Republic,""Population density (inhab/km2)"",1992,71.21,""E"",,1997,81.82,""E"",,2002,91.79,""E"",,2007,104.9,""E"",,2012,107.9,""E"",,2015,99.91,""E"","

",,,""1988-1992"",,,,""1993-1997"",,,,""1998-2002"",,,,""2003-2007"",,,,""2008-2012"",,,,""2013-2017"",,"
"Tajikistan,""Population density (inhab/km2)"",1992,38.74,""E"",,1997,41.65,""E"",,2002,44.95,""E"",,2007,49.8,""E"",,2012,55.64,""E"",,2015,59.5,""E"","

",,,""1988-1992"",,,,""1993-1997"",,,,""1998-2002"",,,,""2003-2007"",,,,""2008-2012"",,,,""2013-2017"",,"
"Thailand,""Population density (inhab/km2)"",1992,112.6,""E"",,1997,118.0,""E"",,2002,125.0,""E"",,2007,129.3,""E"",,2012,130.9,""E"",,2015,132.4,""E"","

",,,""1988-1992"",,,,""1993-1997"",,,,""1998-2002"",,,,""2003-2007"",,,,""2008-2012"",,,,""2013-2017"",,"
"The former Yugoslav Republic of Macedonia,""Population density (inhab/km2)"",1992,76.9,""E"",,1997,76.58,""E"",,2002,78.92,""E"",,2007,79.77,""E"",,2012,80.47,""E"",,2015,80.82,""E"","

",,,""1988-1992"",,,,""1993-1997"",,,,""1998-2002"",,,,""2003-2007"",,,,""2008-2012"",,,,""2013-2017"",,"
"Timor-Leste,""Population density (inhab/km2)"",1992,53.32,""E"",,1997,57.42,""E"",,2002,60.17,""E"",,2007,68.66,""E"",,2012,74.11,""E"",,2015,79.69,""E"","

",,,""1988-1992"",,,,""1993-1997"",,,,""1998-2002"",,,,""2003-2007"",,,,""2008-2012"",,,,""2013-2017"",,"
"Togo,""Population density (inhab/km2)"",1992,70.15,""E"",,1997,79.34,""E"",,2002,90.54,""E"",,2007,103.7,""E"",,2012,118.8,""E"",,2015,128.6,""E"","

",,,""1988-1992"",,,,""1993-1997"",,,,""1998-2002"",,,,""2003-2007"",,,,""2008-2012"",,,,""2013-2017"",,"
"Tokelau,""Population density (inhab/km2)"",1992,156.0,""E"",,1997,155.0,""E"",,2002,143.0,""E"",,2007,114.0,""E"",,2012,117.0,""E"",,2015,125.0,""E"","

",,,""1988-1992"",,,,""1993-1997"",,,,""1998-2002"",,,,""2003-2007"",,,,""2008-2012"",,,,""2013-2017"",,"
"Tonga,""Population density (inhab/km2)"",1992,127.2,""E"",,1997,128.7,""E"",,2002,132.0,""E"",,2007,136.3,""E"",,2012,139.7,""E"",,2015,141.6,""E"","

",,,""1988-1992"",,,,""1993-1997"",,,,""1998-2002"",,,,""2003-2007"",,,,""2008-2012"",,,,""2013-2017"",,"
"Trinidad and Tobago,""Population density (inhab/km2)"",1992,241.1,""E"",,1997,245.8,""E"",,2002,249.1,""E"",,2007,255.2,""E"",,2012,261.6,""E"",,2015,265.1,""E"","

",,,""1988-1992"",,,,""1993-1997"",,,,""1998-2002"",,,,""2003-2007"",,,,""2008-2012"",,,,""2013-2017"",,"
"Tunisia,""Population density (inhab/km2)"",1992,52.58,""E"",,1997,57.36,""E"",,2002,60.29,""E"",,2007,62.95,""E"",,2012,66.51,""E"",,2015,68.79,""E"","

",,,""1988-1992"",,,,""1993-1997"",,,,""1998-2002"",,,,""2003-2007"",,,,""2008-2012"",,,,""2013-2017"",,"
"Turkey,""Population density (inhab/km2)"",1992,71.23,""E"",,1997,77.08,""E"",,2002,83.12,""E"",,2007,88.72,""E"",,2012,95.52,""E"",,2015,100.4,""E"","

",,,""1988-1992"",,,,""1993-1997"",,,,""1998-2002"",,,,""2003-2007"",,,,""2008-2012"",,,,""2013-2017"",,"
"Turkmenistan,""Population density (inhab/km2)"",1992,7.953,""E"",,1997,8.883,""E"",,2002,9.424,""E"",,2007,9.953,""E"",,2012,10.6,""E"",,2015,11.01,""E"","

",,,""1988-1992"",,,,""1993-1997"",,,,""1998-2002"",,,,""2003-2007"",,,,""2008-2012"",,,,""2013-2017"",,"
"Tuvalu,""Population density (inhab/km2)"",1992,303.3,""E"",,1997,310.0,""E"",,2002,317.7,""E"",,2007,325.3,""E"",,2012,328.7,""E"",,2015,330.7,""E"","

",,,""1988-1992"",,,,""1993-1997"",,,,""1998-2002"",,,,""2003-2007"",,,,""2008-2012"",,,,""2013-2017"",,"
"Uganda,""Population density (inhab/km2)"",1992,76.89,""E"",,1997,89.75,""E"",,2002,105.0,""E"",,2007,124.2,""E"",,2012,146.6,""E"",,2015,161.6,""E"","

",,,""1988-1992"",,,,""1993-1997"",,,,""1998-2002"",,,,""2003-2007"",,,,""2008-2012"",,,,""2013-2017"",,"
"Ukraine,""Population density (inhab/km2)"",1992,85.02,""E"",,1997,83.0,""E"",,2002,79.35,""E"",,2007,76.63,""E"",,2012,75.09,""E"",,2015,74.27,""E"","

",,,""1988-1992"",,,,""1993-1997"",,,,""1998-2002"",,,,""2003-2007"",,,,""2008-2012"",,,,""2013-2017"",,"
"United Arab Emirates,""Population density (inhab/km2)"",1992,24.15,""E"",,1997,31.04,""E"",,2002,40.6,""E"",,2007,71.89,""E"",,2012,107.1,""E"",,2015,109.5,""E"","

",,,""1988-1992"",,,,""1993-1997"",,,,""1998-2002"",,,,""2003-2007"",,,,""2008-2012"",,,,""2013-2017"",,"
"United Kingdom,""Population density (inhab/km2)"",1992,235.7,""E"",,1997,239.2,""E"",,2002,243.4,""E"",,2007,251.0,""E"",,2012,261.0,""E"",,2015,265.7,""E"","

",,,""1988-1992"",,,,""1993-1997"",,,,""1998-2002"",,,,""2003-2007"",,,,""2008-2012"",,,,""2013-2017"",,"
"United Republic of Tanzania,""Population density (inhab/km2)"",1992,28.72,""E"",,1997,33.29,""E"",,2002,37.85,""E"",,2007,43.83,""E"",,2012,51.35,""E"",,2015,56.44,""E"","

",,,""1988-1992"",,,,""1993-1997"",,,,""1998-2002"",,,,""2003-2007"",,,,""2008-2012"",,,,""2013-2017"",,"
"United States of America,""Population density (inhab/km2)"",1992,26.78,""E"",,1997,28.34,""E"",,2002,29.95,""E"",,2007,31.32,""E"",,2012,32.02,""E"",,2015,32.73,""E"","

",,,""1988-1992"",,,,""1993-1997"",,,,""1998-2002"",,,,""2003-2007"",,,,""2008-2012"",,,,""2013-2017"",,"
"Uruguay,""Population density (inhab/km2)"",1992,17.9,""E"",,1997,18.56,""E"",,2002,18.89,""E"",,2007,18.95,""E"",,2012,19.28,""E"",,2015,19.48,""E"","

",,,""1988-1992"",,,,""1993-1997"",,,,""1998-2002"",,,,""2003-2007"",,,,""2008-2012"",,,,""2013-2017"",,"
"Uzbekistan,""Population density (inhab/km2)"",1992,47.87,""E"",,1997,52.47,""E"",,2002,56.08,""E"",,2007,59.43,""E"",,2012,63.91,""E"",,2015,66.81,""E"","

",,,""1988-1992"",,,,""1993-1997"",,,,""1998-2002"",,,,""2003-2007"",,,,""2008-2012"",,,,""2013-2017"",,"
"Vanuatu,""Population density (inhab/km2)"",1992,12.73,""E"",,1997,14.36,""E"",,2002,15.91,""E"",,2007,18.05,""E"",,2012,20.3,""E"",,2015,21.71,""E"","

",,,""1988-1992"",,,,""1993-1997"",,,,""1998-2002"",,,,""2003-2007"",,,,""2008-2012"",,,,""2013-2017"",,"
"Venezuela (Bolivarian Republic of),""Population density (inhab/km2)"",1992,22.8,""E"",,1997,25.34,""E"",,2002,27.85,""E"",,2007,30.34,""E"",,2012,32.73,""E"",,2015,34.11,""E"","

",,,""1988-1992"",,,,""1993-1997"",,,,""1998-2002"",,,,""2003-2007"",,,,""2008-2012"",,,,""2013-2017"",,"
"Viet Nam,""Population density (inhab/km2)"",1992,214.8,""E"",,1997,233.9,""E"",,2002,248.8,""E"",,2007,259.0,""E"",,2012,272.9,""E"",,2015,282.3,""E"","

",,,""1988-1992"",,,,""1993-1997"",,,,""1998-2002"",,,,""2003-2007"",,,,""2008-2012"",,,,""2013-2017"",,"
"Yemen,""Population density (inhab/km2)"",1992,25.09,""E"",,1997,30.97,""E"",,2002,35.67,""E"",,2007,41.1,""E"",,2012,47.13,""E"",,2015,50.82,""E"","

",,,""1988-1992"",,,,""1993-1997"",,,,""1998-2002"",,,,""2003-2007"",,,,""2008-2012"",,,,""2013-2017"",,"
"Zambia,""Population density (inhab/km2)"",1992,11.4,""E"",,1997,12.97,""E"",,2002,14.8,""E"",,2007,16.93,""E"",,2012,19.65,""E"",,2015,21.54,""E"","

",,,""1988-1992"",,,,""1993-1997"",,,,""1998-2002"",,,,""2003-2007"",,,,""2008-2012"",,,,""2013-2017"",,"
"Zimbabwe,""Population density (inhab/km2)"",1992,28.2,""E"",,1997,30.86,""E"",,2002,32.48,""E"",,2007,34.03,""E"",,2012,37.27,""E"",,2015,39.93,""E"","



E - External data
I - AQUASTAT estimate
K - Aggregate data
L - Modelled data
(c) 2016 FAO of the UN
The information contained in AQUASTAT is provided free of charge to all users. Please quote as follows:
FAO. 2016. AQUASTAT Main Database - Food and Agriculture Organization of the United Nations (FAO). Website accessed on[12/06/2016 11:32]